<?xml version="1.0" encoding="UTF-8"?>
<beans xmlns="http://www.springframework.org/schema/beans"
	xmlns:xsi="http://www.w3.org/2001/XMLSchema-instance" xmlns:aop="http://www.springframework.org/schema/aop"
	xmlns:tx="http://www.springframework.org/schema/tx" xmlns:util="http://www.springframework.org/schema/util"
	xmlns:context="http://www.springframework.org/schema/context"
	xsi:schemaLocation="
		http://www.springframework.org/schema/beans 
		http://www.springframework.org/schema/beans/spring-beans-3.0.xsd
		http://www.springframework.org/schema/tx 
		http://www.springframework.org/schema/tx/spring-tx-3.0.xsd
		http://www.springframework.org/schema/context 
		http://www.springframework.org/schema/context/spring-context-3.0.xsd
		http://www.springframework.org/schema/aop 
		http://www.springframework.org/schema/aop/spring-aop-3.0.xsd
		http://www.springframework.org/schema/util
		http://www.springframework.org/schema/util/spring-util-3.0.xsd">

	<context:annotation-config />
	<context:component-scan base-package="edu.stanford.isis" />

	<context:property-placeholder location="classpath:conf/jdbc.properties" />

	<bean id="dataSource" destroy-method="close" class="edu.stanford.isis.atb.dao.EmbeddedDataSource">
		<property name="driverClassName" value="${jdbc.driverClassName}" />
		<property name="urlPrefix" value="${jdbc.urlPrefix}" />
		<property name="location" value="${jdbc.location}" />
		<property name="extension" value="${jdbc.extension}" />
		<property name="username" value="${jdbc.username}" />
		<property name="password" value="${jdbc.password}" />
	</bean>

	<bean id="txManager" class="org.springframework.jdbc.datasource.DataSourceTransactionManager">
		<property name="dataSource" ref="dataSource" />
	</bean>

	<tx:annotation-driven transaction-manager="txManager" />

	<bean id="restTemplate" class="org.springframework.web.client.RestTemplate" />

</beans>