<?xml version="1.0" encoding="UTF-8"?>
<!--Sample XML file generated by XMLSpy v2008 rel. 2 sp2 (http://www.altova.com)-->
<AnnotationOfAnnotation annotationOfAnnotationType="RECIST_Baseline_Sum_of_Longest_Diameter" comment="String" id="0" uid="String" name="String" dateTime="2001-12-17T09:30:47.0Z" aimVersion="String" xsi:schemaLocation="gme://caCORE.caCORE/3.2/edu.northwestern.radiology.AIM Approved_AIM_v1_rv9_Model.xsd" xmlns="gme://caCORE.caCORE/3.2/edu.northwestern.radiology.AIM" xmlns:xsi="http://www.w3.org/2001/XMLSchema-instance">
	<user>
		<User id="0" numberWithinRoleOfClinicalTrial="0" loginName="String" roleInTrial="String" authorName="String"/>
	</user>
	<imagingObservationCollection>
		<ImagingObservation comment="String" id="0" codeMeaning="String" codeValue="String" codingSchemeDesignator="String">
			<imagingObservationCharacteristicCollection>
				<ImagingObservationCharacteristic comment="String" id="0" codeMeaning="String" codeValue="String" codingSchemeDesignator="String">
					<relatedImagingObservationCharacteristic/>
				</ImagingObservationCharacteristic>
				<ImagingObservationCharacteristic comment="String" id="0" codeMeaning="String" codeValue="String" codingSchemeDesignator="String">
					<relatedImagingObservationCharacteristic/>
				</ImagingObservationCharacteristic>
			</imagingObservationCharacteristicCollection>
			<relatedImagingObservation/>
		</ImagingObservation>
		<ImagingObservation comment="String" id="0" codeMeaning="String" codeValue="String" codingSchemeDesignator="String">
			<imagingObservationCharacteristicCollection>
				<ImagingObservationCharacteristic comment="String" id="0" codeMeaning="String" codeValue="String" codingSchemeDesignator="String">
					<relatedImagingObservationCharacteristic/>
				</ImagingObservationCharacteristic>
				<ImagingObservationCharacteristic comment="String" id="0" codeMeaning="String" codeValue="String" codingSchemeDesignator="String">
					<relatedImagingObservationCharacteristic/>
				</ImagingObservationCharacteristic>
			</imagingObservationCharacteristicCollection>
			<relatedImagingObservation/>
		</ImagingObservation>
	</imagingObservationCollection>
	<calculationCollection>
		<Calculation type="Absolute_Value" id="0" mathML="String" uid="String" description="String">
			<referencedCalculationCollection>
				<ReferencedCalculation id="0" referencedCalculationUID="String"/>
				<ReferencedCalculation id="0" referencedCalculationUID="String"/>
			</referencedCalculationCollection>
			<calculationResultCollection>
				<CalculationResult type="Scalar" id="0" numberOfDimensions="0" unitOfMeasure="String">
					<dimensionCollection>
						<Dimension id="0" index="0" label="String" size="0"/>
						<Dimension id="0" index="0" label="String" size="0"/>
					</dimensionCollection>
					<dataCollection>
						<Data id="0" value="3.14159265358979E0">
							<coordinateCollection>
								<Coordinate id="0" position="0" dimensionIndex="0"/>
								<Coordinate id="0" position="0" dimensionIndex="0"/>
							</coordinateCollection>
						</Data>
						<Data id="0" value="3.14159265358979E0">
							<coordinateCollection>
								<Coordinate id="0" position="0" dimensionIndex="0"/>
								<Coordinate id="0" position="0" dimensionIndex="0"/>
							</coordinateCollection>
						</Data>
					</dataCollection>
				</CalculationResult>
				<CalculationResult type="Scalar" id="0" numberOfDimensions="0" unitOfMeasure="String">
					<dimensionCollection>
						<Dimension id="0" index="0" label="String" size="0"/>
						<Dimension id="0" index="0" label="String" size="0"/>
					</dimensionCollection>
					<dataCollection>
						<Data id="0" value="3.14159265358979E0">
							<coordinateCollection>
								<Coordinate id="0" position="0" dimensionIndex="0"/>
								<Coordinate id="0" position="0" dimensionIndex="0"/>
							</coordinateCollection>
						</Data>
						<Data id="0" value="3.14159265358979E0">
							<coordinateCollection>
								<Coordinate id="0" position="0" dimensionIndex="0"/>
								<Coordinate id="0" position="0" dimensionIndex="0"/>
							</coordinateCollection>
						</Data>
					</dataCollection>
				</CalculationResult>
			</calculationResultCollection>
		</Calculation>
		<Calculation type="Absolute_Value" id="0" mathML="String" uid="String" description="String">
			<referencedCalculationCollection>
				<ReferencedCalculation id="0" referencedCalculationUID="String"/>
				<ReferencedCalculation id="0" referencedCalculationUID="String"/>
			</referencedCalculationCollection>
			<calculationResultCollection>
				<CalculationResult type="Scalar" id="0" numberOfDimensions="0" unitOfMeasure="String">
					<dimensionCollection>
						<Dimension id="0" index="0" label="String" size="0"/>
						<Dimension id="0" index="0" label="String" size="0"/>
					</dimensionCollection>
					<dataCollection>
						<Data id="0" value="3.14159265358979E0">
							<coordinateCollection>
								<Coordinate id="0" position="0" dimensionIndex="0"/>
								<Coordinate id="0" position="0" dimensionIndex="0"/>
							</coordinateCollection>
						</Data>
						<Data id="0" value="3.14159265358979E0">
							<coordinateCollection>
								<Coordinate id="0" position="0" dimensionIndex="0"/>
								<Coordinate id="0" position="0" dimensionIndex="0"/>
							</coordinateCollection>
						</Data>
					</dataCollection>
				</CalculationResult>
				<CalculationResult type="Scalar" id="0" numberOfDimensions="0" unitOfMeasure="String">
					<dimensionCollection>
						<Dimension id="0" index="0" label="String" size="0"/>
						<Dimension id="0" index="0" label="String" size="0"/>
					</dimensionCollection>
					<dataCollection>
						<Data id="0" value="3.14159265358979E0">
							<coordinateCollection>
								<Coordinate id="0" position="0" dimensionIndex="0"/>
								<Coordinate id="0" position="0" dimensionIndex="0"/>
							</coordinateCollection>
						</Data>
						<Data id="0" value="3.14159265358979E0">
							<coordinateCollection>
								<Coordinate id="0" position="0" dimensionIndex="0"/>
								<Coordinate id="0" position="0" dimensionIndex="0"/>
							</coordinateCollection>
						</Data>
					</dataCollection>
				</CalculationResult>
			</calculationResultCollection>
		</Calculation>
	</calculationCollection>
	<equipment>
		<Equipment manufacturer="String" id="0" softwareVersions="String" manufacturerModelName="String"/>
	</equipment>
	<anatomicEntityCollection>
		<AnatomicEntity id="0" codeMeaning="String" codeValue="String" codingSchemeDesignator="String">
			<relatedAnatomicEntity/>
		</AnatomicEntity>
		<AnatomicEntity id="0" codeMeaning="String" codeValue="String" codingSchemeDesignator="String">
			<relatedAnatomicEntity/>
		</AnatomicEntity>
	</anatomicEntityCollection>
	<referencedAnnotationCollection>
		<ReferencedAnnotation id="0" referencedAnnotationUID="String"/>
		<ReferencedAnnotation id="0" referencedAnnotationUID="String"/>
	</referencedAnnotationCollection>
</AnnotationOfAnnotation>
